Workbook

Sheet NYYC19 Summary
A1: NYYC 175th Anniversary (NYYC19)
A2: July 15-20 2019
A4: Rank | B4: Boat | C4: R1 | D4: R2 | E4: R3 | F4: R4 | G4: R5 | H4: R6 | I4: R7 | K4: Total
A5: 1 | B5: Flow | C5: =VLOOKUP(B5,'NYYC19 R1'!A$18:H$23,7,0) -> 4 | D5: =VLOOKUP($B5,'NYYC19 R2'!$A$18:$H$23,7,0) -> 1 | E5: =VLOOKUP($B5,'NYYC19 R3'!$A$18:$H$23,7,0) -> 1 | F5: =VLOOKUP($B5,'NYYC19 R4'!$A$18:$H$22,7,0) -> 1 | G5: =VLOOKUP($B5,'NYYC19 R5'!$A$17:$H$21,7,0) -> 4 | H5: =VLOOKUP($B5,'NYYC19 R6'!$A$18:$H$24,7,0) -> 2 | I5: =VLOOKUP($B5,'NYYC19 R7'!$A$18:$H$24,7,0) -> 2 | K5: =SUM(C5:I5) -> 15
A6: 2 | B6: VaiVai | C6: =VLOOKUP(B6,'NYYC19 R1'!A$18:H$23,7,0) -> 1 | D6: =VLOOKUP($B6,'NYYC19 R2'!$A$18:$H$23,7,0) -> 3 | E6: =VLOOKUP($B6,'NYYC19 R3'!$A$18:$H$23,7,0) -> 2 | F6: =VLOOKUP($B6,'NYYC19 R4'!$A$18:$H$22,7,0) -> 3 | G6: =VLOOKUP($B6,'NYYC19 R5'!$A$17:$H$21,7,0) -> 1 | H6: =VLOOKUP($B6,'NYYC19 R6'!$A$18:$H$24,7,0) -> 3 | I6: =VLOOKUP($B6,'NYYC19 R7'!$A$18:$H$24,7,0) -> 3 | K6: =SUM(C6:I6) -> 16
A7: 3 | B7: Nala | C7: =VLOOKUP(B7,'NYYC19 R1'!A$18:H$23,7,0) -> 2 | D7: =VLOOKUP($B7,'NYYC19 R2'!$A$18:$H$23,7,0) -> 6 | E7: =VLOOKUP($B7,'NYYC19 R3'!$A$18:$H$23,7,0) -> 5 | F7: =VLOOKUP($B7,'NYYC19 R4'!$A$18:$H$22,7,0) -> 2 | G7: =VLOOKUP($B7,'NYYC19 R5'!$A$17:$H$21,7,0) -> 2 | H7: =VLOOKUP($B7,'NYYC19 R6'!$A$18:$H$24,7,0) -> 1 | I7: =VLOOKUP($B7,'NYYC19 R7'!$A$18:$H$24,7,0) -> 4 | K7: =SUM(C7:I7) -> 22
A8: 4 | B8: Condor | C8: =VLOOKUP(B8,'NYYC19 R1'!A$18:H$23,7,0) -> 5 | D8: =VLOOKUP($B8,'NYYC19 R2'!$A$18:$H$23,7,0) -> 4 | E8: =VLOOKUP($B8,'NYYC19 R3'!$A$18:$H$23,7,0) -> 3 | F8: =VLOOKUP($B8,'NYYC19 R4'!$A$18:$H$22,7,0) -> 4 | G8: =VLOOKUP($B8,'NYYC19 R5'!$A$17:$H$21,7,0) -> 4 | H8: =VLOOKUP($B8,'NYYC19 R6'!$A$18:$H$24,7,0) -> 4 | I8: =VLOOKUP($B8,'NYYC19 R7'!$A$18:$H$24,7,0) -> 1 | K8: =SUM(C8:I8) -> 25
A9: 5 | B9: FaultTolerant | C9: =VLOOKUP(B9,'NYYC19 R1'!A$18:H$23,7,0) -> 3 | D9: =VLOOKUP($B9,'NYYC19 R2'!$A$18:$H$23,7,0) -> 2 | E9: =VLOOKUP($B9,'NYYC19 R3'!$A$18:$H$23,7,0) -> 4 | F9: 6 | G9: =VLOOKUP($B9,'NYYC19 R5'!$A$17:$H$22,7,0) -> 5 | H9: =VLOOKUP($B9,'NYYC19 R6'!$A$18:$H$25,7,0) -> 5 | I9: =VLOOKUP($B9,'NYYC19 R7'!$A$18:$H$25,7,0) -> 5 | K9: =SUM(C9:I9) -> 30
C11: 43661 | D11: 43662 | E11: 43664 | F11: 43665 | G11: 43666
A12: Logs Rec'd: | C12: Mon | D12: Tues | E12: Thurs | F12: Fri | G12: Sat
A13: FT | C13: Y | D13: Y | E13: DNS | F13: No wind data
A14: Flow | C14: Y | D14: Y | E14: Y | F14: Y | G14: Y
A15: Nala | C15: Y | D15: Y | E15: Y | F15: Y | G15: Y
A16: VaiVai | C16: Y | D16: Y | E16: Y | F16: Y | G16: Y
A17: Condor | C17: Y | D17: Y | E17: Y | F17: Y | G17: Y

Sheet NYYC19 R1
A1: Regatta | B1: NYYC19
A2: Race | B2: R1 | C2: St-N-5-Fin
A3: Start Time | B3: 0.53819444 | C3: 43661
G4: TWDs
A5: Leg | B5: Distance | C5: Bearing | D5: TWD | E5: TWA | G5: FT | H5: Flow | I5: Nala | J5: VaiVai | K5: Condor | N5: Leg Ending at: | V5: leg | W5: distance | X5: bearing | Y5: twd
A6: 1 | B6: 3.96 | C6: 242 | D6: =AVERAGE(G6:K6) -> 240.5 | E6: =IF(ABS(D6-C6)>180,360-ABS(D6-C6),D6-C6) -> -1.5 | H6: 238 | J6: =251-8 -> 243 | N6: N - Beavertail | V6: =IF(ISBLANK(A6),"",A6) -> 1 | W6: =IF(V6="","",IF(ISBLANK(T6),B6,T6)) -> 3.96 | X6: =IF(V6="","",C6) -> 242 | Y6: =IF(V6="","",D6) -> 240.5
A7: 2 | B7: 3.78 | C7: 185 | D7: =AVERAGE(G7:K7) -> 244 | E7: =IF(ABS(D7-C7)>180,360-ABS(D7-C7),D7-C7) -> 59 | H7: 234 | J7: =262-8 -> 254 | N7: 5 - MOA | V7: =IF(ISBLANK(A7),"",A7) -> 2 | W7: =IF(V7="","",IF(ISBLANK(T7),B7,T7)) -> 3.78 | X7: =IF(V7="","",C7) -> 185 | Y7: =IF(V7="","",D7) -> 244
A8: 3 | B8: 6.78 | C8: 34 | D8: =AVERAGE(G8:K8) -> 234 | E8: =IF(ABS(D8-C8)>180,360-ABS(D8-C8),D8-C8) -> 160 | H8: 238 | J8: =230 -> 230 | N8: Fin | V8: =IF(ISBLANK(A8),"",A8) -> 3 | W8: =IF(V8="","",IF(ISBLANK(T8),B8,T8)) -> 6.78 | X8: =IF(V8="","",C8) -> 34 | Y8: =IF(V8="","",D8) -> 234
Q9: =IF(ISBLANK(A9),"",A9) | V9: =IF(ISBLANK(A9),"",A9) | W9: =IF(V9="","",IF(ISBLANK(T9),B9,T9)) | X9: =IF(V9="","",C9) | Y9: =IF(V9="","",D9)
Q10: =IF(ISBLANK(A10),"",A10) | V10: =IF(ISBLANK(A10),"",A10) | W10: =IF(V10="","",IF(ISBLANK(T10),B10,T10)) | X10: =IF(V10="","",C10) | Y10: =IF(V10="","",D10)
Q11: =IF(ISBLANK(A11),"",A11) | V11: =IF(ISBLANK(A11),"",A11) | W11: =IF(V11="","",IF(ISBLANK(T11),B11,T11)) | X11: =IF(V11="","",C11) | Y11: =IF(V11="","",D11)
Q12: =IF(ISBLANK(A12),"",A12) | V12: =IF(ISBLANK(A12),"",A12) | W12: =IF(V12="","",IF(ISBLANK(T12),B12,T12)) | X12: =IF(V12="","",C12) | Y12: =IF(V12="","",D12)
A13: Total Dist | B13: =SUM(B6:B12) -> 14.52
A17: Boat | B17: ET | C17: CorrTime | D17: Delta | E17: Implied Wind | F17: FT | G17: RANK | V17: Start | X17: =C3 -> 43661 | Y17: =B3 -> 0.53819444
A18: VaiVai | B18: 0.078460648 | C18: 0.078460648 | D18: =C18-C$18 -> 0 | E18: 12.00471 | F18: 0.61665509 | G18: =RANK(E18,E$18:E$23,0) -> 1 | V18: Condor | W18: Blue | X18: =X$17 -> 43661 | Y18: =VLOOKUP(V18,A$18:F$22,6,0) -> 0.61534722
A19: Nala | B19: 0.076041667 | C19: 0.082118056 | D19: =C19-C18 -> 0.0036574074 | E19: 11.17921 | F19: 0.61423611 | G19: =RANK(E19,E$18:E$23,0) -> 2 | V19: FaultTolerant | W19: Black | X19: =X$17 -> 43661 | Y19: =VLOOKUP(V19,A$18:F$22,6,0) -> 0.6222338
A20: FaultTolerant | B20: 0.084039352 | C20: 0.083726852 | D20: =C20-C19 -> 0.0016087963 | E20: 10.8333 | F20: 0.6222338 | G20: =RANK(E20,E$18:E$23,0) -> 3 | V20: Flow | W20: Green | X20: =X$17 -> 43661 | Y20: =VLOOKUP(V20,A$18:F$22,6,0) -> 0.61728009
A21: Flow | B21: 0.079085648 | C21: 0.085104167 | D21: =C21-C20 -> 0.0013773148 | E21: 10.56642 | F21: 0.61728009 | G21: =RANK(E21,E$18:E$23,0) -> 4 | V21: Nala | W21: Teal | X21: =X$17 -> 43661 | Y21: =VLOOKUP(V21,A$18:F$22,6,0) -> 0.61423611
A22: Condor | B22: 0.077152778 | C22: 0.086238426 | D22: =C22-C21 -> 0.0011342593 | E22: 10.36287 | F22: 0.61534722 | G22: =RANK(E22,E$18:E$23,0) -> 5 | V22: VaiVai | W22: Red | X22: =X$17 -> 43661 | Y22: =VLOOKUP(V22,A$18:F$22,6,0) -> 0.61665509

Sheet NYYC19 R2
A1: Regatta | B1: NYYC19
A2: Race | B2: R2 | C2: St-N-5-Fin
A3: Start Time | B3: 0.63541667 | C3: 43661
G4: TWDs
A5: Leg | B5: Distance | C5: Bearing | D5: TWD | E5: TWA | G5: FT | H5: Flow | I5: Nala | J5: VaiVai | K5: Condor | N5: Leg Ending at: | V5: leg | W5: distance | X5: bearing | Y5: twd
A6: 1 | B6: 3.96 | C6: 242 | D6: =AVERAGE(G6:K6) -> 235 | E6: =IF(ABS(D6-C6)>180,360-ABS(D6-C6),D6-C6) -> -7 | H6: 234 | J6: =244-8 -> 236 | N6: N - Beavertail | V6: =IF(ISBLANK(A6),"",A6) -> 1 | W6: =IF(V6="","",IF(ISBLANK(T6),B6,T6)) -> 3.96 | X6: =IF(V6="","",C6) -> 242 | Y6: =IF(V6="","",D6) -> 235
A7: 2 | B7: 3.78 | C7: 185 | D7: =AVERAGE(G7:K7) -> 245 | E7: =IF(ABS(D7-C7)>180,360-ABS(D7-C7),D7-C7) -> 60 | H7: 242 | J7: =256-8 -> 248 | N7: 5 - MOA | V7: =IF(ISBLANK(A7),"",A7) -> 2 | W7: =IF(V7="","",IF(ISBLANK(T7),B7,T7)) -> 3.78 | X7: =IF(V7="","",C7) -> 185 | Y7: =IF(V7="","",D7) -> 245
A8: 3 | B8: 6.78 | C8: 34 | D8: =AVERAGE(G8:K8) -> 234 | E8: =IF(ABS(D8-C8)>180,360-ABS(D8-C8),D8-C8) -> 160 | H8: 238 | J8: 230 | N8: Fin | V8: =IF(ISBLANK(A8),"",A8) -> 3 | W8: =IF(V8="","",IF(ISBLANK(T8),B8,T8)) -> 6.78 | X8: =IF(V8="","",C8) -> 34 | Y8: =IF(V8="","",D8) -> 234
V9: =IF(ISBLANK(A9),"",A9) | W9: =IF(V9="","",IF(ISBLANK(T9),B9,T9)) | X9: =IF(V9="","",C9) | Y9: =IF(V9="","",D9)
V10: =IF(ISBLANK(A10),"",A10) | W10: =IF(V10="","",IF(ISBLANK(T10),B10,T10)) | X10: =IF(V10="","",C10) | Y10: =IF(V10="","",D10)
V11: =IF(ISBLANK(A11),"",A11) | W11: =IF(V11="","",IF(ISBLANK(T11),B11,T11)) | X11: =IF(V11="","",C11) | Y11: =IF(V11="","",D11)
V12: =IF(ISBLANK(A12),"",A12) | W12: =IF(V12="","",IF(ISBLANK(T12),B12,T12)) | X12: =IF(V12="","",C12) | Y12: =IF(V12="","",D12)
A14: Total Dist | B14: =SUM(B6:B13) -> 14.52
A17: Boat | B17: ET | C17: CorrTime | D17: Delta | E17: Implied Wind | F17: FT | G17: RANK | V17: Start | X17: =C3 -> 43661 | Y17: =B3 -> 0.63541667
A18: Flow | B18: 0.055381944 | C18: 0.055381944 | D18: =C18-C$18 -> 0 | E18: 17.55659 | F18: 0.69079861 | G18: =RANK(E18,E$18:E$23,0) -> 1 | V18: Condor | W18: Blue | X18: =X$17 -> 43661 | Y18: =VLOOKUP(V18,A$18:F$22,6,0) -> 0.69481481
A19: FaultTolerant | B19: 0.065590278 | C19: 0.059837963 | D19: =C19-C18 -> 0.0044560185 | E19: 15.96487 | F19: 0.70100694 | G19: =RANK(E19,E$18:E$23,0) -> 2 | V19: FaultTolerant | W19: Black | X19: =X$17 -> 43661 | Y19: =VLOOKUP(V19,A$18:F$22,6,0) -> 0.70100694
A20: VaiVai | B20: 0.065185185 | C20: 0.061828704 | D20: =C20-C19 -> 0.0019907407 | E20: 15.24274 | F20: 0.70060185 | G20: =RANK(E20,E$18:E$23,0) -> 3 | V20: Flow | W20: Green | X20: =X$17 -> 43661 | Y20: =VLOOKUP(V20,A$18:F$22,6,0) -> 0.69079861
A21: Condor | B21: 0.059398148 | C21: 0.066759259 | D21: =C21-C20 -> 0.0049305556 | E21: 13.78671 | F21: 0.69481481 | G21: =RANK(E21,E$18:E$23,0) -> 4 | V21: Nala | W21: Teal | X21: =X$17 -> 43661 | Y21: =VLOOKUP(V21,A$18:F$22,6,0) -> DNF
A22: Nala | C22: DNF | F22: DNF | G22: 6 | V22: VaiVai | W22: Red | X22: =X$17 -> 43661 | Y22: =VLOOKUP(V22,A$18:F$22,6,0) -> 0.70060185

Sheet NYYC19 R3
A1: Regatta | B1: NYYC19
A2: Race | B2: R3 | C2: St-O-13-5-Fin(F)
A3: Start Time | B3: 0.48958333 | C3: 43662
G4: TWDs | P4: current | T4: Current
A5: Leg | B5: Distance | C5: Bearing | D5: TWD | E5: TWA | G5: FT | H5: Flow | I5: Nala | J5: VaiVai | K5: Condor | N5: Leg Ending at: | P5: Set | Q5: drift | R5: Mins | S5: DistAdj | T5: Dist Adj | V5: leg | W5: distance | X5: bearing | Y5: twd
A6: 1 | B6: 1.76 | C6: 247 | D6: =AVERAGE(G6:K6) -> 192.66667 | E6: =IF(ABS(D6-C6)>180,360-ABS(D6-C6),D6-C6) -> -54.333333 | H6: 193 | J6: 188 | K6: 197 | N6: Oscar | P6: 0.75 | Q6: 195 | R6: 10 | S6: =COS(RADIANS(C6-Q6))*P6*R6/60 -> 0.076957684 | T6: =B6-S6 -> 1.6830423 | U6: Favorable current | V6: =IF(ISBLANK(A6),"",A6) -> 1 | W6: =IF(V6="","",IF(ISBLANK(T6),B6,B6-S6)) -> 1.6830423 | X6: =IF(V6="","",C6) -> 247 | Y6: =IF(V6="","",D6) -> 192.66667
A7: 2 | B7: 0.97 | C7: 76 | D7: =AVERAGE(G7:K7) -> 197 | E7: =IF(ABS(D7-C7)>180,360-ABS(D7-C7),D7-C7) -> 121 | H7: 196 | J7: 194 | K7: 201 | N7: land point | R7: 0 | S7: 0 | T7: =B7-S7 -> 0.97 | U7: not much current behind the land | V7: =IF(ISBLANK(A7),"",A7) -> 2 | W7: =IF(V7="","",IF(ISBLANK(T7),B7,T7)) -> 0.97 | X7: =IF(V7="","",C7) -> 76 | Y7: =IF(V7="","",D7) -> 197
A8: 3 | B8: 1.92 | C8: 20 | D8: =AVERAGE(G8:K8) -> 197 | E8: =IF(ABS(D8-C8)>180,360-ABS(D8-C8),D8-C8) -> 177 | H8: 196 | J8: 194 | K8: 201 | N8: 13 | P8: 1 | Q8: 200 | R8: 15 | S8: =COS(RADIANS(C8-Q8))*P8*R8/60 -> -0.25 | T8: =B8-S8 -> 2.17 | U8: adverse current | V8: =IF(ISBLANK(A8),"",A8) -> 3 | W8: =IF(V8="","",IF(ISBLANK(T8),B8,T8)) -> 2.17 | X8: =IF(V8="","",C8) -> 20 | Y8: =IF(V8="","",D8) -> 197
A9: 4 | B9: 7.9 | C9: 208 | D9: =AVERAGE(G9:K9) -> 200.33333 | E9: =IF(ABS(D9-C9)>180,360-ABS(D9-C9),D9-C9) -> -7.6666667 | H9: 197 | J9: 200 | K9: 204 | N9: 05 | P9: 0.8 | Q9: 195 | R9: 36 | S9: =COS(RADIANS(C9-Q9))*P9*R9/60 -> 0.46769763 | T9: =B9-S9 -> 7.4323024 | U9: Favorable current | V9: =IF(ISBLANK(A9),"",A9) -> 4 | W9: =IF(V9="","",IF(ISBLANK(T9),B9,T9)) -> 7.4323024 | X9: =IF(V9="","",C9) -> 208 | Y9: =IF(V9="","",D9) -> 200.33333
A10: 5 | B10: 6.56 | C10: 35 | D10: =AVERAGE(G10:K10) -> 207.33333 | E10: =IF(ABS(D10-C10)>180,360-ABS(D10-C10),D10-C10) -> 172.33333 | H10: 208 | J10: 204 | K10: 210 | N10: Fin | R10: 0 | S10: 0 | T10: =B10-S10 -> 6.56 | U10: Current adverse in outer harbor and favorable inner harbor - cancelled each other | V10: =IF(ISBLANK(A10),"",A10) -> 5 | W10: =IF(V10="","",IF(ISBLANK(T10),B10,T10)) -> 6.56 | X10: =IF(V10="","",C10) -> 35 | Y10: =IF(V10="","",D10) -> 207.33333
V11: =IF(ISBLANK(A11),"",A11) | W11: =IF(V11="","",IF(ISBLANK(T11),B11,T11)) | X11: =IF(V11="","",C11) | Y11: =IF(V11="","",D11)
V12: =IF(ISBLANK(A12),"",A12) | W12: =IF(V12="","",IF(ISBLANK(T12),B12,T12)) | X12: =IF(V12="","",C12) | Y12: =IF(V12="","",D12)
A14: Total Dist | B14: =SUM(B6:B13) -> 19.11 | P14: wgt avg for Condor TWD upwind from 13 to 05
P15: 219 | Q15: 4
P16: 190 | Q16: 7
A17: Boat | B17: ET | C17: CorrTime | D17: Delta | E17: Implied Wind | F17: FT | G17: RANK | P17: 205 | Q17: 66 | V17: Start | X17: =C3 -> 43662 | Y17: =B3 -> 0.48958333
A18: Flow | B18: 0.11491898 | C18: 0.11491898 | D18: =C18-C$18 -> 0 | E18: 9.94993 | F18: 0.60450231 | G18: =RANK(E18,E$18:E$22,0) -> 1 | P18: =SUMPRODUCT(P15:P17,Q15:Q17)/Q18 -> 204.36364 | Q18: =SUM(Q15:Q17) -> 77 | V18: Condor | W18: Blue | X18: =X$17 -> 43662 | Y18: =VLOOKUP(V18,A$18:F$22,6,0) -> 0.60722222
A19: VaiVai | B19: 0.12678241 | C19: 0.11494213 | D19: =C19-C18 -> 2.3148148e-05 | E19: 9.94749 | F19: 0.61636574 | G19: =RANK(E19,E$18:E$22,0) -> 2 | V19: FaultTolerant | W19: Black | X19: =X$17 -> 43662 | Y19: =VLOOKUP(V19,A$18:F$22,6,0) -> 0.62476852
A20: Condor | B20: 0.11763889 | C20: 0.11885417 | D20: =C20-C19 -> 0.003912037 | E20: 9.58543 | F20: 0.60722222 | G20: =RANK(E20,E$18:E$22,0) -> 3 | N20: 1 | P20: =COS(RADIANS(Q6-C6)) -> 0.61566148 | V20: Flow | W20: Green | X20: =X$17 -> 43662 | Y20: =VLOOKUP(V20,A$18:F$22,6,0) -> 0.60450231
A21: FaultTolerant | B21: 0.13518519 | C21: 0.12278935 | D21: =C21-C20 -> 0.0039351852 | E21: 9.27862 | F21: 0.62476852 | G21: =RANK(E21,E$18:E$22,0) -> 4 | N21: 2 | P21: =COS(RADIANS(Q7-C7)) -> 0.2419219 | V21: Nala | W21: Teal | X21: =X$17 -> 43662 | Y21: =VLOOKUP(V21,A$18:F$22,6,0) -> 0.60952546
A22: Nala | B22: 0.11994213 | C22: 0.12309028 | D22: =C22-C21 -> 0.00030092593 | E22: 9.25333 | F22: 0.60952546 | G22: =RANK(E22,E$18:E$22,0) -> 5 | N22: 3 | P22: =COS(RADIANS(Q8-C8)) -> -1 | V22: VaiVai | W22: Red | X22: =X$17 -> 43662 | Y22: =VLOOKUP(V22,A$18:F$22,6,0) -> 0.61636574
N23: 4 | P23: =COS(RADIANS(Q9-C9)) -> 0.97437006
N24: 5 | P24: =COS(RADIANS(Q10-C10)) -> 0.81915204

Sheet NYYC19 R4
A1: Regatta | B1: NYYC19
A2: Race | B2: R4 | C2: St-O-13-5-Fin(F)
A3: Start Time | B3: 0.56597222 | C3: 43664
G4: TWDs | P4: current | T4: Current
A5: Leg | B5: Distance | C5: Bearing | D5: TWD | E5: TWA | G5: FT | H5: Flow | I5: Nala | J5: VaiVai | K5: Condor | N5: Leg Ending at: | P5: Set | Q5: drift | R5: Mins | S5: DistAdj | T5: Dist Adj | V5: leg | W5: distance | X5: bearing | Y5: twd
A6: 1 | B6: 3.8 | C6: 43 | D6: =AVERAGE(G6:K6) -> 33 | E6: =IF(ABS(D6-C6)>180,360-ABS(D6-C6),D6-C6) -> -10 | H6: 31 | I6: 35 | J6: 29 | K6: 37 | N6: NPT-17 | P6: 1.2 | Q6: 215 | R6: 36 | S6: =COS(RADIANS(C6-Q6))*P6*R6/60 -> -0.71299301 | T6: =B6-S6 -> 4.512993 | V6: =IF(ISBLANK(A6),"",A6) -> 1 | W6: =IF(V6="","",IF(ISBLANK(T6),B6,T6)) -> 4.512993 | X6: =IF(V6="","",C6) -> 43 | Y6: =IF(V6="","",D6) -> 33
A7: 2 | B7: 3.04 | C7: 220 | D7: =AVERAGE(G7:K7) -> 33.5 | E7: =IF(ABS(D7-C7)>180,360-ABS(D7-C7),D7-C7) -> 173.5 | H7: 33 | I7: 30 | J7: 39 | K7: 32 | N7: Newport Bridge E Gate | P7: 1.2 | Q7: 215 | R7: 12 | S7: =COS(RADIANS(C7-Q7))*P7*R7/60 -> 0.23908673 | T7: =B7-S7 -> 2.8009133 | V7: =IF(ISBLANK(A7),"",A7) -> 2 | W7: =IF(V7="","",IF(ISBLANK(T7),B7,T7)) -> 2.8009133 | X7: =IF(V7="","",C7) -> 220 | Y7: =IF(V7="","",D7) -> 33.5
A8: 3 | B8: 1.66 | C8: 206 | D8: =AVERAGE(G8:K8) -> 32 | E8: =IF(ABS(D8-C8)>180,360-ABS(D8-C8),D8-C8) -> -174 | H8: 32 | I8: 30 | J8: 34 | K8: 32 | N8: NPT-Q | P8: 1.2 | Q8: 200 | R8: 10 | S8: =COS(RADIANS(C8-Q8))*P8*R8/60 -> 0.19890438 | T8: =B8-S8 -> 1.4610956 | V8: =IF(ISBLANK(A8),"",A8) -> 3 | W8: =IF(V8="","",IF(ISBLANK(T8),B8,T8)) -> 1.4610956 | X8: =IF(V8="","",C8) -> 206 | Y8: =IF(V8="","",D8) -> 32
A9: 4 | B9: 1.66 | C9: 26 | D9: =AVERAGE(G9:K9) -> 31 | E9: =IF(ABS(D9-C9)>180,360-ABS(D9-C9),D9-C9) -> 5 | H9: 30 | I9: 33 | J9: 30 | K9: 31 | N9: Newport Bridge E Gate | P9: 1.2 | Q9: 200 | R9: 15 | S9: =COS(RADIANS(C9-Q9))*P9*R9/60 -> -0.29835657 | T9: =B9-S9 -> 1.9583566 | V9: =IF(ISBLANK(A9),"",A9) -> 4 | W9: =IF(V9="","",IF(ISBLANK(T9),B9,T9)) -> 1.9583566 | X9: =IF(V9="","",C9) -> 26 | Y9: =IF(V9="","",D9) -> 31
A10: 5 | B10: 3.04 | C10: 40 | D10: =AVERAGE(G10:K10) -> 33 | E10: =IF(ABS(D10-C10)>180,360-ABS(D10-C10),D10-C10) -> -7 | H10: 33 | I10: 33 | J10: 35 | K10: 31 | N10: NPT-17 | P10: 1.1 | Q10: 215 | R10: 25 | S10: =COS(RADIANS(C10-Q10))*P10*R10/60 -> -0.45658924 | T10: =B10-S10 -> 3.4965892 | V10: =IF(ISBLANK(A10),"",A10) -> 5 | W10: =IF(V10="","",IF(ISBLANK(T10),B10,T10)) -> 3.4965892 | X10: =IF(V10="","",C10) -> 40 | Y10: =IF(V10="","",D10) -> 33
A11: 6 | B11: 3.04 | C11: 220 | D11: =AVERAGE(G11:K11) -> 37.25 | E11: =IF(ABS(D11-C11)>180,360-ABS(D11-C11),D11-C11) -> 177.25 | H11: 38 | I11: 27 | J11: 47 | K11: 37 | N11: Newport Bridge E Gate | P11: 1.1 | Q11: 215 | R11: 19 | S11: =COS(RADIANS(C11-Q11))*P11*R11/60 -> 0.34700782 | T11: =B11-S11 -> 2.6929922 | V11: =IF(ISBLANK(A11),"",A11) -> 6 | W11: =IF(V11="","",IF(ISBLANK(T11),B11,T11)) -> 2.6929922 | X11: =IF(V11="","",C11) -> 220 | Y11: =IF(V11="","",D11) -> 37.25
A12: 7 | B12: 1.66 | C12: 206 | D12: =AVERAGE(G12:K12) -> 33.25 | E12: =IF(ABS(D12-C12)>180,360-ABS(D12-C12),D12-C12) -> -172.75 | H12: 34 | I12: 27 | J12: 35 | K12: 37 | N12: NPT-Q | P12: 1 | Q12: 200 | R12: 12 | S12: =COS(RADIANS(C12-Q12))*P12*R12/60 -> 0.19890438 | T12: =B12-S12 -> 1.4610956 | V12: =IF(ISBLANK(A12),"",A12) -> 7 | W12: =IF(V12="","",IF(ISBLANK(T12),B12,T12)) -> 1.4610956 | X12: =IF(V12="","",C12) -> 206 | Y12: =IF(V12="","",D12) -> 33.25
A13: 8 | B13: 0.99 | C13: 65 | D13: =AVERAGE(G13:K13) -> 35 | E13: =IF(ABS(D13-C13)>180,360-ABS(D13-C13),D13-C13) -> -30 | H13: 33 | I13: 37 | J13: 36 | K13: 34 | N13: RCI Fin Boat | P13: 1 | Q13: 200 | R13: 8 | S13: =COS(RADIANS(C13-Q13))*P13*R13/60 -> -0.094280904 | T13: =B13-S13 -> 1.0842809 | V13: =IF(ISBLANK(A13),"",A13) -> 8 | W13: =IF(V13="","",IF(ISBLANK(T13),B13,T13)) -> 1.0842809 | X13: =IF(V13="","",C13) -> 65 | Y13: =IF(V13="","",D13) -> 35
A15: Total Dist | B15: =SUM(B6:B14) -> 18.89
N16: 1 | P16: =COS(RADIANS(Q6-C6)) -> -0.99026807
A17: Boat | B17: ET | C17: CorrTime | D17: Delta | E17: Implied Wind | F17: FT | G17: RANK | N17: 2 | P17: =COS(RADIANS(Q7-C7)) -> 0.9961947 | V17: Start | X17: =C3 -> 43664 | Y17: =B3 -> 0.56597222
A18: Flow | B18: 0.10087963 | C18: 0.10087963 | D18: =C18-C18 -> 0 | E18: 13.74315 | F18: 0.66685185 | G18: =RANK(E18,E$18:E$21,0) -> 1 | N18: 3 | P18: =COS(RADIANS(Q8-C8)) -> 0.9945219 | V18: Condor | W18: Blue | X18: =X$17 -> 43664 | Y18: =VLOOKUP(V18,A$18:F$22,6,0) -> 0.66671296
A19: Nala | B19: 0.10021991 | C19: 0.10099537 | D19: =C19-C18 -> 0.00011574074 | E19: 13.71858 | F19: 0.66619213 | G19: =RANK(E19,E$18:E$21,0) -> 2 | N19: 4 | P19: =COS(RADIANS(Q9-C9)) -> -0.9945219 | V19: FaultTolerant | W19: Black | X19: =X$17 -> 43664 | Y19: =VLOOKUP(V19,A$18:F$22,6,0) -> DNS
A20: VaiVai | B20: 0.11163194 | C20: 0.1058912 | D20: =C20-C19 -> 0.0048958333 | E20: 12.86668 | F20: 0.67760417 | G20: =RANK(E20,E$18:E$21,0) -> 3 | N20: 5 | P20: =COS(RADIANS(Q10-C10)) -> -0.9961947 | V20: Flow | W20: Green | X20: =X$17 -> 43664 | Y20: =VLOOKUP(V20,A$18:F$22,6,0) -> 0.66685185
A21: Condor | B21: 0.10074074 | C21: 0.11008102 | D21: =C21-C20 -> 0.0041898148 | E21: 12.29353 | F21: 0.66671296 | G21: =RANK(E21,E$18:E$21,0) -> 4 | V21: Nala | W21: Teal | X21: =X$17 -> 43664 | Y21: =VLOOKUP(V21,A$18:F$22,6,0) -> 0.66619213
A22: FaultTolerant | B22: DNS | F22: DNS | G22: 6 | V22: VaiVai | W22: Red | X22: =X$17 -> 43664 | Y22: =VLOOKUP(V22,A$18:F$22,6,0) -> 0.67760417

Sheet NYYC19 R5
A1: Regatta | B1: NYYC19
A2: Race | B2: R5 | C2: St-05-13-Q-Fin(F)
A3: Start Time | B3: 0.47222222 | C3: 43665
G4: TWDs | P4: current | T4: Current
A5: Leg | B5: Distance | C5: Bearing | D5: TWD | E5: TWA | G5: FT | H5: Flow | I5: Nala | J5: VaiVai | K5: Condor | N5: Leg Ending at: | P5: Set | Q5: drift | R5: Mins | S5: DistAdj | T5: Dist Adj | V5: leg | W5: distance | X5: bearing | Y5: twd
A6: 1 | B6: 6.79 | C6: 214 | D6: =AVERAGE(G6:K6) -> 227 | E6: =IF(ABS(D6-C6)>180,360-ABS(D6-C6),D6-C6) -> 13 | H6: 225 | I6: 224 | J6: 232 | N6: NPT-05 | P6: 0.1 | Q6: 20 | S6: =COS(RADIANS(C6-Q6))*P6*R6/60 -> 0 | T6: =B6-S6 -> 6.79 | U6: cancelled out last of flood and begin of ebb | V6: =IF(ISBLANK(A6),"",A6) -> 1 | W6: =IF(V6="","",IF(ISBLANK(T6),B6,T6)) -> 6.79 | X6: =IF(V6="","",C6) -> 214 | Y6: =IF(V6="","",D6) -> 227
A7: 2 | B7: 7.9 | C7: 28 | D7: =AVERAGE(G7:K7) -> 215.33333 | E7: =IF(ABS(D7-C7)>180,360-ABS(D7-C7),D7-C7) -> 172.66667 | H7: 212 | I7: 222 | J7: 212 | N7: NPT-13 | P7: 1.03 | Q7: 196 | R7: 26 | S7: =COS(RADIANS(C7-Q7))*P7*R7/60 -> -0.43657988 | T7: =B7-S7 -> 8.3365799 | V7: =IF(ISBLANK(A7),"",A7) -> 2 | W7: =IF(V7="","",IF(ISBLANK(T7),B7,T7)) -> 8.3365799 | X7: =IF(V7="","",C7) -> 28 | Y7: =IF(V7="","",D7) -> 215.33333
A8: 3 | B8: 2.05 | C8: 203 | D8: =AVERAGE(G8:K8) -> 214 | E8: =IF(ABS(D8-C8)>180,360-ABS(D8-C8),D8-C8) -> 11 | H8: 201 | I8: 219 | J8: 222 | N8: NPT-Q | P8: 1.16 | Q8: 210 | R8: 15 | S8: =COS(RADIANS(C8-Q8))*P8*R8/60 -> 0.28783838 | T8: =B8-S8 -> 1.7621616 | V8: =IF(ISBLANK(A8),"",A8) -> 3 | W8: =IF(V8="","",IF(ISBLANK(T8),B8,T8)) -> 1.7621616 | X8: =IF(V8="","",C8) -> 203 | Y8: =IF(V8="","",D8) -> 214
A9: 4 | B9: 0.99 | C9: 65 | D9: =AVERAGE(G9:K9) -> 218.66667 | E9: =IF(ABS(D9-C9)>180,360-ABS(D9-C9),D9-C9) -> 153.66667 | H9: 215 | I9: 221 | J9: 220 | N9: RCI Fin Boat | P9: 1.09 | Q9: 185 | R9: 7 | S9: =COS(RADIANS(C9-Q9))*P9*R9/60 -> -0.063583333 | T9: =B9-S9 -> 1.0535833 | V9: =IF(ISBLANK(A9),"",A9) -> 4 | W9: =IF(V9="","",IF(ISBLANK(T9),B9,T9)) -> 1.0535833 | X9: =IF(V9="","",C9) -> 65 | Y9: =IF(V9="","",D9) -> 218.66667
V10: =IF(ISBLANK(A10),"",A10) | W10: =IF(V10="","",IF(ISBLANK(T10),B10,T10)) | X10: =IF(V10="","",C10) | Y10: =IF(V10="","",D10)
V11: =IF(ISBLANK(A11),"",A11) | W11: =IF(V11="","",IF(ISBLANK(T11),B11,T11)) | X11: =IF(V11="","",C11) | Y11: =IF(V11="","",D11)
V12: =IF(ISBLANK(A12),"",A12) | W12: =IF(V12="","",IF(ISBLANK(T12),B12,T12)) | X12: =IF(V12="","",C12) | Y12: =IF(V12="","",D12)
V13: =IF(ISBLANK(A13),"",A13) | W13: =IF(V13="","",IF(ISBLANK(T13),B13,T13)) | X13: =IF(V13="","",C13) | Y13: =IF(V13="","",D13)
A14: Total Dist | B14: =SUM(B6:B13) -> 17.73 | N14: 1 | P14: =COS(RADIANS(Q6-C6)) -> -0.97029573
N15: 2 | P15: =COS(RADIANS(Q7-C7)) -> -0.9781476
N16: 3 | P16: =COS(RADIANS(Q8-C8)) -> 0.99254615
A17: Boat | B17: ET | C17: CorrTime | D17: Delta | E17: Implied Wind | F17: FT | G17: RANK | H17: incl for penalty | N17: 4 | P17: =COS(RADIANS(Q9-C9)) -> -0.5 | V17: Start | X17: =C3 -> 43665 | Y17: =B3 -> 0.47222222
A18: VaiVai | B18: 0.091782407 | C18: 0.091782407 | D18: =C18-C18 -> 0 | E18: 14.7603 | F18: 0.56400463 | G18: =RANK(E18,E$18:E$22,0) -> 1 | N18: 5 | P18: =COS(RADIANS(Q10-C10)) -> 1 | V18: Condor | W18: Blue | X18: =X$17 -> 43665 | Y18: =VLOOKUP(V18,A$18:F$22,6,0) -> 0.55892361
A19: Nala | B19: 0.089363426 | C19: 0.094050926 | D19: =C19-C18 -> 0.0022685185 | E19: 14.255 | F19: 0.56158565 | G19: =RANK(E19,E$18:E$22,0) -> 2 | V19: FaultTolerant | W19: Black | X19: =X$17 -> 43665 | Y19: =VLOOKUP(V19,A$18:F$22,6,0) -> 0.57638889
A20: Flow | B20: 0.09025463 | C20: 0.095520833 | D20: =C20-C19 -> 0.0014699074 | E20: 13.91599 | F20: 0.56247685 | G20: 4 | H20: =ROUND(20%*6,0) -> 1 | K20: 20% penaltyx6 rounded to nearest=1pt Per Rule 44.39(c) | V20: Flow | W20: Green | X20: =X$17 -> 43665 | Y20: =VLOOKUP(V20,A$18:F$22,6,0) -> 0.56247685
A21: Condor | B21: 0.086701389 | C21: 0.10003472 | D21: =C21-C20 -> 0.0045138889 | E21: 13.06289 | F21: 0.55892361 | G21: 4 | V21: Nala | W21: Teal | X21: =X$17 -> 43665 | Y21: =VLOOKUP(V21,A$18:F$22,6,0) -> 0.56158565
A22: FaultTolerant | B22: 0.11041667 | C22: 0.11002315 | D22: =C22-C21 -> 0.0099884259 | E22: 11.52475 | F22: 0.57638889 | G22: =RANK(E22,E$18:E$22,0) -> 5 | V22: VaiVai | W22: Red | X22: =X$17 -> 43665 | Y22: =VLOOKUP(V22,A$18:F$22,6,0) -> 0.56400463

Sheet NYYC19 R6
A1: Regatta | B1: NYYC19
A2: Race | B2: R6 | C2: St-K-TB-WZ-N-Fin(F)
A3: Start Time | B3: 0.59722222 | C3: 43665
G4: TWDs | P4: current | T4: Current
A5: Leg | B5: Distance | C5: Bearing | D5: TWD | E5: TWA | G5: FT | H5: Flow | I5: Nala | J5: VaiVai | K5: Condor | N5: Leg Ending at: | P5: Set | Q5: drift | R5: Mins | S5: DistAdj | T5: Dist Adj | V5: leg | W5: distance | X5: bearing | Y5: twd
A6: 1 | B6: 3.63 | C6: 210 | D6: =AVERAGE(G6:K6) -> 225.66667 | E6: =IF(ABS(D6-C6)>180,360-ABS(D6-C6),D6-C6) -> 15.666667 | H6: 220 | I6: 229 | J6: 228 | N6: K | P6: 1.13 | Q6: 242 | R6: 24.5 | S6: =COS(RADIANS(C6-Q6))*P6*R6/60 -> 0.39130353 | T6: =B6-S6 -> 3.2386965 | V6: =IF(ISBLANK(A6),"",A6) -> 1 | W6: =IF(V6="","",IF(ISBLANK(T6),B6,T6)) -> 3.2386965 | X6: =IF(V6="","",C6) -> 210 | Y6: =IF(V6="","",D6) -> 225.66667
A7: 2 | B7: 2.7 | C7: 300 | D7: =AVERAGE(G7:K7) -> 240.25 | E7: =IF(ABS(D7-C7)>180,360-ABS(D7-C7),D7-C7) -> -59.75 | H7: 238 | I7: 239 | J7: 244 | K7: 240 | N7: TB | P7: 1.03 | Q7: 196 | R7: 0 | S7: =COS(RADIANS(C7-Q7))*P7*R7/60 -> 0 | T7: =B7-S7 -> 2.7 | U7: cross current | V7: =IF(ISBLANK(A7),"",A7) -> 2 | W7: =IF(V7="","",IF(ISBLANK(T7),B7,T7)) -> 2.7 | X7: =IF(V7="","",C7) -> 300 | Y7: =IF(V7="","",D7) -> 240.25
A8: 3 | B8: 3.1 | C8: 27 | D8: =AVERAGE(G8:K8) -> 230.75 | E8: =IF(ABS(D8-C8)>180,360-ABS(D8-C8),D8-C8) -> 156.25 | H8: 232 | I8: 236 | J8: 229 | K8: 226 | N8: WZ | P8: 1.03 | Q8: 180 | R8: 15 | S8: =COS(RADIANS(C8-Q8))*P8*R8/60 -> -0.22943418 | T8: =B8-S8 -> 3.3294342 | V8: =IF(ISBLANK(A8),"",A8) -> 3 | W8: =IF(V8="","",IF(ISBLANK(T8),B8,T8)) -> 3.3294342 | X8: =IF(V8="","",C8) -> 27 | Y8: =IF(V8="","",D8) -> 230.75
A9: 4 | B9: 2.97 | C9: 192 | D9: =AVERAGE(G9:K9) -> 241 | E9: =IF(ABS(D9-C9)>180,360-ABS(D9-C9),D9-C9) -> 49 | H9: 227 | I9: 241 | J9: 249 | K9: 247 | N9: N | P9: 0.77 | Q9: 202 | R9: 16 | S9: =COS(RADIANS(C9-Q9))*P9*R9/60 -> 0.20221386 | T9: =B9-S9 -> 2.7677861 | V9: =IF(ISBLANK(A9),"",A9) -> 4 | W9: =IF(V9="","",IF(ISBLANK(T9),B9,T9)) -> 2.7677861 | X9: =IF(V9="","",C9) -> 192 | Y9: =IF(V9="","",D9) -> 241
A10: 5 | B10: 3.9 | C10: 63 | D10: =AVERAGE(G10:K10) -> 227 | E10: =IF(ABS(D10-C10)>180,360-ABS(D10-C10),D10-C10) -> 164 | H10: 231 | I10: 229 | J10: 233 | K10: 215 | N10: RCI Fin Boat | P10: 0.8 | Q10: 200 | R10: 18.7 | S10: =COS(RADIANS(C10-Q10))*P10*R10/60 -> -0.18235086 | T10: =B10-S10 -> 4.0823509 | V10: =IF(ISBLANK(A10),"",A10) -> 5 | W10: =IF(V10="","",IF(ISBLANK(T10),B10,T10)) -> 4.0823509 | X10: =IF(V10="","",C10) -> 63 | Y10: =IF(V10="","",D10) -> 227
V11: =IF(ISBLANK(A11),"",A11) | W11: =IF(V11="","",IF(ISBLANK(T11),B11,T11)) | X11: =IF(V11="","",C11) | Y11: =IF(V11="","",D11)
V12: =IF(ISBLANK(A12),"",A12) | W12: =IF(V12="","",IF(ISBLANK(T12),B12,T12)) | X12: =IF(V12="","",C12) | Y12: =IF(V12="","",D12)
A13: Total Dist | B13: =SUM(B6:B12) -> 16.3
N14: 1 | P14: =COS(RADIANS(Q6-C6)) -> 0.8480481
N15: 2 | P15: =COS(RADIANS(Q7-C7)) -> -0.2419219
N16: 3 | P16: =COS(RADIANS(Q8-C8)) -> -0.89100652
A17: Boat | B17: ET | C17: CorrTime | D17: Delta | E17: Implied Wind | F17: FT | G17: RANK | N17: 4 | P17: =COS(RADIANS(Q9-C9)) -> 0.98480775 | V17: Start | X17: =C3 -> 43665 | Y17: =B3 -> 0.59722222
A18: Nala | B18: 0.059907407 | C18: 0.059907407 | D18: =C18-C18 -> 0 | E18: 18.60612 | F18: 0.65712963 | G18: =RANK(E18,E$18:E$22,0) -> 1 | N18: 5 | P18: =COS(RADIANS(Q10-C10)) -> -0.7313537 | V18: Condor | W18: Blue | X18: =X$17 -> 43665 | Y18: =VLOOKUP(V18,A$18:F$22,6,0) -> 0.65539352
A19: Flow | B19: 0.059803241 | C19: 0.061203704 | D19: =C19-C18 -> 0.0012962963 | E19: 18.0779 | F19: 0.65702546 | G19: =RANK(E19,E$18:E$22,0) -> 2 | V19: FaultTolerant | W19: Black | X19: =X$17 -> 43665 | Y19: =VLOOKUP(V19,A$18:F$22,6,0) -> 0.67678241
A20: VaiVai | B20: 0.066863426 | C20: 0.064710648 | D20: =C20-C19 -> 0.0035069444 | E20: 16.29442 | F20: 0.66408565 | G20: =RANK(E20,E$18:E$22,0) -> 3 | V20: Flow | W20: Green | X20: =X$17 -> 43665 | Y20: =VLOOKUP(V20,A$18:F$22,6,0) -> 0.65702546
A21: Condor | B21: 0.058171296 | C21: 0.067222222 | D21: =C21-C20 -> 0.0025115741 | E21: 15.28082 | F21: 0.65539352 | G21: =RANK(E21,E$18:E$22,0) -> 4 | V21: Nala | W21: Teal | X21: =X$17 -> 43665 | Y21: =VLOOKUP(V21,A$18:F$22,6,0) -> 0.65712963
A22: FaultTolerant | B22: 0.079560185 | C22: 0.071921296 | D22: =C22-C21 -> 0.0046990741 | E22: 13.89913 | F22: 0.67678241 | G22: =RANK(E22,E$18:E$22,0) -> 5 | V22: VaiVai | W22: Red | X22: =X$17 -> 43665 | Y22: =VLOOKUP(V22,A$18:F$22,6,0) -> 0.66408565

Sheet NYYC19 R7
A1: Regatta | B1: NYYC19
A2: Race | B2: R7 | C2: St--Fin(F)
A3: Start Time | B3: 0.51736111 | C3: 43666
G4: TWDs | P4: current | T4: Current
A5: Leg | B5: Distance | C5: Bearing | D5: TWD | E5: TWA | G5: FT | H5: Flow | I5: Nala | J5: VaiVai | K5: Condor | N5: Leg Ending at: | P5: Set | Q5: drift | R5: Mins | S5: DistAdj | T5: Dist Adj | V5: leg | W5: distance | X5: bearing | Y5: twd
A6: 1 | B6: 3.61 | C6: 214 | D6: 232 | E6: 18 | H6: 231 | I6: 229 | J6: 234 | K6: 232 | P6: 1.2 | Q6: 232 | R6: 33 | S6: 0.63 | T6: 2.98 | V6: =IF(ISBLANK(A6),"",A6) -> 1 | W6: =IF(V6="","",IF(ISBLANK(T6),B6,T6)) -> 2.98 | X6: =IF(V6="","",C6) -> 214 | Y6: =IF(V6="","",D6) -> 232
A7: 2 | B7: 2.7 | C7: 300 | D7: 234 | E7: -66 | H7: 233 | I7: 235 | J7: 231 | K7: 237 | P7: 1.03 | Q7: 196 | S7: 0 | T7: 2.7 | U7: cross current | V7: =IF(ISBLANK(A7),"",A7) -> 2 | W7: =IF(V7="","",IF(ISBLANK(T7),B7,T7)) -> 2.7 | X7: =IF(V7="","",C7) -> 300 | Y7: =IF(V7="","",D7) -> 234
A8: 3 | B8: 3.1 | C8: 27 | D8: 208 | E8: 179 | H8: 209 | I8: 208 | J8: 209 | K8: 205 | P8: 0.98 | Q8: 200 | R8: 34 | S8: -0.55 | T8: 3.65 | V8: =IF(ISBLANK(A8),"",A8) -> 3 | W8: =IF(V8="","",IF(ISBLANK(T8),B8,T8)) -> 3.65 | X8: =IF(V8="","",C8) -> 27 | Y8: =IF(V8="","",D8) -> 208
A9: 4 | B9: 2.97 | C9: 192 | D9: 216 | E9: 24 | H9: 211 | I9: 220 | J9: 218 | P9: 1.2 | Q9: 211 | R9: 24.5 | S9: 0.46 | T9: 2.51 | V9: =IF(ISBLANK(A9),"",A9) -> 4 | W9: =IF(V9="","",IF(ISBLANK(T9),B9,T9)) -> 2.51 | X9: =IF(V9="","",C9) -> 192 | Y9: =IF(V9="","",D9) -> 216
A10: 5 | B10: 3.9 | C10: 63 | D10: 235 | E10: 172 | H10: 237 | I10: 234 | J10: 230 | K10: 237 | P10: 1.16 | Q10: 223 | R10: 27.8 | S10: -0.51 | T10: 4.41 | V10: =IF(ISBLANK(A10),"",A10) -> 5 | W10: =IF(V10="","",IF(ISBLANK(T10),B10,T10)) -> 4.41 | X10: =IF(V10="","",C10) -> 63 | Y10: =IF(V10="","",D10) -> 235
V11: =IF(ISBLANK(A11),"",A11) | W11: =IF(V11="","",IF(ISBLANK(T11),B11,T11)) | X11: =IF(V11="","",C11) | Y11: =IF(V11="","",D11)
V12: =IF(ISBLANK(A12),"",A12) | W12: =IF(V12="","",IF(ISBLANK(T12),B12,T12)) | X12: =IF(V12="","",C12) | Y12: =IF(V12="","",D12)
A13: Total Dist | B13: =SUM(B6:B12) -> 16.28
A17: Boat | B17: ET | C17: CorrTime | D17: Delta | E17: Implied Wind | F17: FT | G17: RANK | V17: Start | X17: =C3 -> 43666 | Y17: =B3 -> 0.51736111
A18: Condor | B18: 0.092060185 | C18: 0.092060185 | D18: 0 | E18: 10.0323 | F18: 0.6094213 | G18: 1 | V18: Condor | W18: Blue | X18: =X$17 -> 43666 | Y18: =VLOOKUP(V18,A$18:F$22,6,0) -> 0.6094213
A19: Flow | B19: 0.094490741 | C19: 0.092534722 | D19: 0.028472222 | E19: 9.9671 | F19: 0.61185185 | G19: 2 | V19: FaultTolerant | W19: Black | X19: =X$17 -> 43666 | Y19: =VLOOKUP(V19,A$18:F$22,6,0) -> 0.63009259
A20: VaiVai | B20: 0.10549769 | C20: 0.093483796 | D20: 0.056944444 | E20: 9.8385 | F20: 0.6228588 | G20: 3 | V20: Flow | W20: Green | X20: =X$17 -> 43666 | Y20: =VLOOKUP(V20,A$18:F$22,6,0) -> 0.61185185
A21: Nala | B21: 0.098553241 | C21: 0.097835648 | D21: 0.26111111 | E21: 9.274 | F21: 0.61591435 | G21: 4 | V21: Nala | W21: Teal | X21: =X$17 -> 43666 | Y21: =VLOOKUP(V21,A$18:F$22,6,0) -> 0.61591435
A22: FaultTolerant | B22: 0.11273148 | C22: 0.10085648 | D22: 0.18125 | E22: 8.9337 | F22: 0.63009259 | G22: 5 | V22: VaiVai | W22: Red | X22: =X$17 -> 43666 | Y22: =VLOOKUP(V22,A$18:F$22,6,0) -> 0.6228588

Sheet BoatIDs
A1: BoatName | B1: BoatID
A2: FaultTolerant | B2: MH002 | C2: 2
A3: Flow | B3: MH003 | C3: 3
A4: Nala | B4: MH005 | C4: 4
A5: VaiVai | B5: MH014 | C5: 14
A6: Condor | B6: MH021 | C6: 21
